{
"name":"Section 1",
"type":"SECTION",
"visible":true,
"x":-48,
"y":-48,
"width":796,
"height":196,
"rotation":undefined,
"opacity":undefined,
"fills":
[
	{
		"type": "SOLID",
		"visible": true,
		"opacity": 1,
		"blendMode": "NORMAL",
		"color": {
			"r": 0.8980392217636108,
			"g": 0.8980392217636108,
			"b": 0.8980392217636108
		}
	}
],
"children":
[
	{
		"name":"Rectangle",
		"type":"RECTANGLE",
		"visible":true,
		"x":48,
		"y":48,
		"width":100,
		"height":100,
		"rotation":0,
		"opacity":1,
		"cornerRadius":0,
		"cornerSmoothing":0,
		"constraints":
		{
			"horizontal": "MIN",
			"vertical": "MIN"
		},
		"fills":
		[
			{
				"type": "SOLID",
				"visible": true,
				"opacity": 1,
				"blendMode": "NORMAL",
				"color": {
					"r": 1,
					"g": 0.5,
					"b": 0
				}
			}
		],
		"strokeCap":"NONE",
		"strokeJoin":"MITER",
		"strokeMiterLimit":4,
		"strokeStyleId":"",
		"strokeWeight":1
	},
	{
		"name":"MULY",
		"type":"RECTANGLE",
		"visible":true,
		"x":198,
		"y":48,
		"width":100,
		"height":100,
		"rotation":0,
		"opacity":1,
		"cornerRadius":0,
		"cornerSmoothing":0,
		"constraints":
		{
			"horizontal": "MIN",
			"vertical": "MIN"
		},
		"fills":
		[
			{
				"type": "SOLID",
				"visible": true,
				"opacity": 1,
				"blendMode": "NORMAL",
				"color": {
					"r": 1,
					"g": 0.5,
					"b": 0
				}
			}
		],
		"strokeCap":"NONE",
		"strokeJoin":"MITER",
		"strokeMiterLimit":4,
		"strokeStyleId":"",
		"strokeWeight":1
	},
	{
		"name":"Rectangle",
		"type":"RECTANGLE",
		"visible":true,
		"x":348,
		"y":48,
		"width":100,
		"height":100,
		"rotation":0,
		"opacity":1,
		"cornerRadius":0,
		"cornerSmoothing":0,
		"constraints":
		{
			"horizontal": "MIN",
			"vertical": "MIN"
		},
		"fills":
		[
			{
				"type": "SOLID",
				"visible": true,
				"opacity": 1,
				"blendMode": "NORMAL",
				"color": {
					"r": 1,
					"g": 0.5,
					"b": 0
				}
			}
		],
		"strokeCap":"NONE",
		"strokeJoin":"MITER",
		"strokeMiterLimit":4,
		"strokeStyleId":"",
		"strokeWeight":1
	},
	{
		"name":"Rectangle",
		"type":"RECTANGLE",
		"visible":true,
		"x":498,
		"y":48,
		"width":100,
		"height":100,
		"rotation":0,
		"opacity":1,
		"cornerRadius":0,
		"cornerSmoothing":0,
		"constraints":
		{
			"horizontal": "MIN",
			"vertical": "MIN"
		},
		"fills":
		[
			{
				"type": "SOLID",
				"visible": true,
				"opacity": 1,
				"blendMode": "NORMAL",
				"color": {
					"r": 1,
					"g": 0.5,
					"b": 0
				}
			}
		],
		"strokeCap":"NONE",
		"strokeJoin":"MITER",
		"strokeMiterLimit":4,
		"strokeStyleId":"",
		"strokeWeight":1
	},
	{
		"name":"Rectangle",
		"type":"RECTANGLE",
		"visible":true,
		"x":648,
		"y":48,
		"width":100,
		"height":100,
		"rotation":0,
		"opacity":1,
		"cornerRadius":0,
		"cornerSmoothing":0,
		"constraints":
		{
			"horizontal": "MIN",
			"vertical": "MIN"
		},
		"fills":
		[
			{
				"type": "SOLID",
				"visible": true,
				"opacity": 1,
				"blendMode": "NORMAL",
				"color": {
					"r": 1,
					"g": 0.5,
					"b": 0
				}
			}
		],
		"strokeCap":"NONE",
		"strokeJoin":"MITER",
		"strokeMiterLimit":4,
		"strokeStyleId":"",
		"strokeWeight":1
	}
]
}